<application>
  <component name="SettingsSyncSettings">
    <option name="disabledSubcategories">
      <map>
        <entry key="PLUGINS">
          <value>
            <list>
              <option value="com.intellij.plugins.vscodekeymap" />
              <option value="com.jetbrains.darkPurpleTheme" />
              <option value="com.jetbrains.plugins.ini4idea" />
              <option value="de.docs_as_co.intellij.plugin.diagramsnet" />
            </list>
          </value>
        </entry>
      </map>
    </option>
    <option name="syncEnabled" value="true" />
  </component>
</application>