<keymap version="1" name="Sublime Text copy" parent="Sublime Text">
  <action id="ActivateTerminalToolWindow">
    <keyboard-shortcut first-keystroke="ctrl dead_grave" />
  </action>
  <action id="Compile" />
  <action id="ReopenClosedTab" />
  <action id="Run">
    <keyboard-shortcut first-keystroke="shift f10" />
    <keyboard-shortcut first-keystroke="ctrl b" />
  </action>
  <action id="ServiceView.ShowServices" />
  <action id="Terminal.NewTab" />
  <action id="org.intellij.plugins.markdown.ui.actions.styling.ToggleBoldAction" />
</keymap>