<application>
  <component name="LafManager">
    <lafs-to-previous-schemes>
      <laf-to-scheme laf="4f556d32-83cb-4b8b-9932-c4eccc4ce3af" scheme="_@user_Default" />
      <laf-to-scheme laf="64bac2a8-9558-4b8a-a0e0-a4017ec9114b" scheme="_@user_Default" />
      <laf-to-scheme laf="Darcula" scheme="_@user_Monokai Pro" />
      <laf-to-scheme laf="ExperimentalDark" scheme="_@user_Monokai Pro" />
      <laf-to-scheme laf="ExperimentalLight" scheme="_@user_Monokai Pro" />
    </lafs-to-previous-schemes>
  </component>
</application>