<application>
  <component name="ProjectManager">
    <defaultProject>
      <component name="ProjectView">
        <navigator proportions="" version="1" />
        <panes />
      </component>
      <component name="ProjectViewState">
        <option name="hideEmptyMiddlePackages" value="true" />
        <option name="showLibraryContents" value="true" />
      </component>
      <component name="PropertiesComponent">{}</component>
      <component name="WindowStateProjectService">
        <state x="376" y="66" key="#SSH_Configurations" timestamp="1725356495953">
          <screen x="0" y="0" width="1600" height="860" />
        </state>
        <state x="376" y="66" key="#SSH_Configurations/0.0.1600.860" timestamp="1725356495953" />
      </component>
    </defaultProject>
  </component>
</application>