<application>
  <component name="SettingsSyncSettings">
    <option name="disabledSubcategories">
      <map>
        <entry key="PLUGINS">
          <value>
            <list>
              <option value="com.jetbrains.darkPurpleTheme" />
              <option value="com.jetbrains.plugins.ini4idea" />
              <option value="monokai-pro" />
            </list>
          </value>
        </entry>
      </map>
    </option>
    <option name="syncEnabled" value="true" />
  </component>
</application>